Workbook

Sheet Batch
A1: T.b. gambiense indirect ELISA
A3: General info
B5: Study | C5: Dépistage pasif
B6: Date | C6: 45847
B7: Operator | C7: Henriette
A9: Buffer preparation date
B11: PBS-blotto | C11: 45819
B12: PBS-blotto-tween | C12: 45847
A14: Lot number of buffers
B16: apDia pH 7.2 | C16: 51124
B17: iELISA wash (20x) | C17: WB2/251122
B18: TMB solution | C18: 240411
B19: STOP solution | C19: 51124
A21: Lot number of reagents
B23: VSG LiTat 1.3 | C23: L00619
B24: VSG LiTat 1.5 | C24: L00465
B25: IgG HAT +
B26: IgG HAT -
A28: Numéro de la plaque | C28: 4

Sheet Deepwell
A1: T.b. gambiense indirect ELISA
A3: Deepwell plate (code-barres) | F3: Deepwell plate (numéro labo Dipumba)
B5: 1 | C5: 2 | D5: 3 | G5: 1 | H5: 2 | I5: 3
A6: A | B6: 2402795 | C6: 2402789 | D6: 2402483 | F6: A | G6: 64 | H6: 72 | I6: 80
A7: B | B7: 2402770 | C7: 2500168 | D7: 2500143 | F7: B | G7: 65 | H7: 73 | I7: 81
A8: C | B8: 2402404 | C8: 2500159 | D8: 2500147 | F8: C | G8: 66 | H8: 74 | I8: 82
A9: D | B9: 2500144 | C9: 2400837 | D9: 2500114 | F9: D | G9: 67 | H9: 75 | I9: 83
A10: E | B10: 2500035 | C10: 2500135 | D10: 2400706 | F10: E | G10: 68 | H10: 76 | I10: 84
A11: F | B11: 2500140 | C11: 2500137 | D11: CC | F11: F | G11: 69 | H11: 77 | I11: CC
A12: G | B12: 2402481 | C12: 2400886 | D12: CP | F12: G | G12: 70 | H12: 78 | I12: CP
A13: H | B13: 2402867 | C13: 2400891 | D13: CN | F13: H | G13: 71 | H13: 79 | I13: CN

Sheet ELISA
A1: T.b. gambiense indirect ELISA
A3: Plaque ELISA
B5: Sample code | C5: Comments
A6: S01 | B6: =IF(Deepwell!B6="","",Deepwell!B6) -> 2402795
A7: S02 | B7: =IF(Deepwell!B7="","",Deepwell!B7) -> 2402770
A8: S03 | B8: =IF(Deepwell!B8="","",Deepwell!B8) -> 2402404
A9: S04 | B9: =IF(Deepwell!B9="","",Deepwell!B9) -> 2500144
A10: S05 | B10: =IF(Deepwell!B10="","",Deepwell!B10) -> 2500035
A11: S06 | B11: =IF(Deepwell!B11="","",Deepwell!B11) -> 2500140
A12: S07 | B12: =IF(Deepwell!B12="","",Deepwell!B12) -> 2402481
A13: S08 | B13: =IF(Deepwell!B13="","",Deepwell!B13) -> 2402867
A14: S09 | B14: =IF(Deepwell!C6="","",Deepwell!C6) -> 2402789
A15: S10 | B15: =IF(Deepwell!C7="","",Deepwell!C7) -> 2500168
A16: S11 | B16: =IF(Deepwell!C8="","",Deepwell!C8) -> 2500159
A17: S12 | B17: =IF(Deepwell!C9="","",Deepwell!C9) -> 2400837
A18: S13 | B18: =IF(Deepwell!C10="","",Deepwell!C10) -> 2500135
A19: S14 | B19: =IF(Deepwell!C11="","",Deepwell!C11) -> 2500137
A20: S15 | B20: =IF(Deepwell!C12="","",Deepwell!C12) -> 2400886
A21: S16 | B21: =IF(Deepwell!C13="","",Deepwell!C13) -> 2400891
A22: S17 | B22: =IF(Deepwell!D6="","",Deepwell!D6) -> 2402483
A23: S18 | B23: =IF(Deepwell!D7="","",Deepwell!D7) -> 2500143
A24: S19 | B24: =IF(Deepwell!D8="","",Deepwell!D8) -> 2500147
A25: S20 | B25: =IF(Deepwell!D9="","",Deepwell!D9) -> 2500114
A26: S21 | B26: =IF(Deepwell!D10="","",Deepwell!D10) -> 2400706
A27: CC1 | B27: =IF(Deepwell!D11="","",Deepwell!D11) -> CC
A28: PC1 | B28: =IF(Deepwell!D12="","",Deepwell!D12) -> CP
A29: NC1 | B29: =IF(Deepwell!D13="","",Deepwell!D13) -> CN
A31: CC = conjugate controle
A32: PC = positive controle (IgG HAT+)
A33: NC = negative controle (IgG HAT-)

Sheet 450 nm - 600 nm
A1: T.b. gambiense indirect ELISA
A3: Résultats brutes
A5: Date préparation | C5: =IF(Batch!C6="","",Batch!C6) -> 45847 | E5: Etude | F5: =IF(Batch!C5="","",Batch!C5) -> Dépistage pasif
A6: Opérateur | C6: =IF(Batch!C7="","",Batch!C7) -> Henriette
A7: N° du Lot | C7: =IF(Batch!C18="","",Batch!C18) -> 240411
A8: N° de la plaque | C8: =IF(Batch!C28="","",Batch!C28) -> 4
A9: Filtre (nm) | C9: 450-600 nm
A11: Plaque:
B13: 1 | C13: 2 | D13: 3 | E13: 4 | F13: 5 | G13: 6 | H13: 7 | I13: 8 | J13: 9 | K13: 10 | L13: 11 | M13: 12
A14: A | B14: 0.043 | C14: 0.207 | D14: 0.074 | E14: 0.071 | F14: 0.219 | G14: 0.07 | H14: 0.031 | I14: 0.107 | J14: 0.031 | K14: 0.032 | L14: 0.105 | M14: 0.038
A15: B | B15: 0.105 | C15: 0.055 | D15: 0.114 | E15: 0.145 | F15: 0.055 | G15: 0.109 | H15: 0.039 | I15: 0.045 | J15: 0.032 | K15: 0.043 | L15: 0.049 | M15: 0.035
A16: C | B16: 0.064 | C16: 0.531 | D16: 0.506 | E16: 0.061 | F16: 0.621 | G16: 0.533 | H16: 0.041 | I16: 0.019 | J16: 0.067 | K16: 0.042 | L16: 0.019 | M16: 0.069
A17: D | B17: 0.2 | C17: 0.119 | D17: 0.621 | E17: 0.191 | F17: 0.138 | G17: 0.643 | H17: 0.031 | I17: 0.034 | J17: 0.025 | K17: 0.024 | L17: 0.039 | M17: 0.024
A18: E | B18: 0.027 | C18: 0.074 | D18: 0.192 | E18: 0.027 | F18: 0.073 | G18: 0.202 | H18: 0.02 | I18: 0.041 | J18: 0.039 | K18: 0.022 | L18: 0.042 | M18: 0.043
A19: F | B19: 0.241 | C19: 0.207 | D19: 0.012 | E19: 0.25 | F19: 0.23 | G19: 0.015 | H19: 0.045 | I19: 0.066 | J19: 0.013 | K19: 0.042 | L19: 0.065 | M19: 0.006
A20: G | B20: 0.138 | C20: 0.098 | D20: 0.7 | E20: 0.276 | F20: 0.085 | G20: 0.78 | H20: 0.026 | I20: 0.089 | J20: 0.014 | K20: 0.03 | L20: 0.082 | M20: 0.01
A21: H | B21: 0.564 | C21: 0.065 | D21: 0.022 | E21: 0.554 | F21: 0.083 | G21: 0.02 | H21: 0.053 | I21: 0.025 | J21: 0.024 | K21: 0.061 | L21: 0.052 | M21: 0.026

Sheet Results
A1: Deepwell | B1: Sample | C1: Numéro labo | D1: Code-barres KPS | E1: D OD | F1: PP % | G1: Result PP60 | H1: Result PP50 | I1: Résultat final | J1: Comments | K1: Validation (Echec/Valide)
A2: A1/A4/A7 ou A10 | B2: S01 | C2: =IF(Deepwell!G6="","",Deepwell!G6) -> 64 | D2: =IF(ELISA!B6="","",ELISA!B6) -> 2402795 | E2: =IF('450 nm - 600 nm'!B14="","",(('450 nm - 600 nm'!B14+'450 nm - 600 nm'!E14)/2)-(('450 nm - 600 nm'!H14+'450 nm - 600 nm'!K14)/2)) -> 0.0255 | F2: =IF(E2="","",(E2-Controls!$D$4)/(Controls!$D$2-Controls!$D$4)) -> 0.040300546 | G2: =IF(F2="","",IF(F2>=60%,"POS","NEG")) -> NEG | H2: =IF(F2="","",IF(F2>=50%,"POS","NEG")) -> NEG | I2: =IF(H2="POS","P",IF(H2="NEG","N","")) -> N
A3: B1/B4/B7 ou B10 | B3: S02 | C3: =IF(Deepwell!G7="","",Deepwell!G7) -> 65 | D3: =IF(ELISA!B7="","",ELISA!B7) -> 2402770 | E3: =IF('450 nm - 600 nm'!B15="","",(('450 nm - 600 nm'!B15+'450 nm - 600 nm'!E15)/2)-(('450 nm - 600 nm'!H15+'450 nm - 600 nm'!K15)/2)) -> 0.084 | F3: =IF(E3="","",(E3-Controls!$D$4)/(Controls!$D$2-Controls!$D$4)) -> 0.12021858 | G3: =IF(F3="","",IF(F3>=60%,"POS","NEG")) -> NEG | H3: =IF(F3="","",IF(F3>=50%,"POS","NEG")) -> NEG | I3: =IF(H3="POS","P",IF(H3="NEG","N","")) -> N
A4: C1/C4/C7 ou C10 | B4: S03 | C4: =IF(Deepwell!G8="","",Deepwell!G8) -> 66 | D4: =IF(ELISA!B8="","",ELISA!B8) -> 2402404 | E4: =IF('450 nm - 600 nm'!B16="","",(('450 nm - 600 nm'!B16+'450 nm - 600 nm'!E16)/2)-(('450 nm - 600 nm'!H16+'450 nm - 600 nm'!K16)/2)) -> 0.021 | F4: =IF(E4="","",(E4-Controls!$D$4)/(Controls!$D$2-Controls!$D$4)) -> 0.034153005 | G4: =IF(F4="","",IF(F4>=60%,"POS","NEG")) -> NEG | H4: =IF(F4="","",IF(F4>=50%,"POS","NEG")) -> NEG | I4: =IF(H4="POS","P",IF(H4="NEG","N","")) -> N
A5: D1/D4/D7 ou D10 | B5: S04 | C5: =IF(Deepwell!G9="","",Deepwell!G9) -> 67 | D5: =IF(ELISA!B9="","",ELISA!B9) -> 2500144 | E5: =IF('450 nm - 600 nm'!B17="","",(('450 nm - 600 nm'!B17+'450 nm - 600 nm'!E17)/2)-(('450 nm - 600 nm'!H17+'450 nm - 600 nm'!K17)/2)) -> 0.168 | F5: =IF(E5="","",(E5-Controls!$D$4)/(Controls!$D$2-Controls!$D$4)) -> 0.23497268 | G5: =IF(F5="","",IF(F5>=60%,"POS","NEG")) -> NEG | H5: =IF(F5="","",IF(F5>=50%,"POS","NEG")) -> NEG | I5: =IF(H5="POS","P",IF(H5="NEG","N","")) -> N
A6: E1/E4/E7 ou E10 | B6: S05 | C6: =IF(Deepwell!G10="","",Deepwell!G10) -> 68 | D6: =IF(ELISA!B10="","",ELISA!B10) -> 2500035 | E6: =IF('450 nm - 600 nm'!B18="","",(('450 nm - 600 nm'!B18+'450 nm - 600 nm'!E18)/2)-(('450 nm - 600 nm'!H18+'450 nm - 600 nm'!K18)/2)) -> 0.006 | F6: =IF(E6="","",(E6-Controls!$D$4)/(Controls!$D$2-Controls!$D$4)) -> 0.013661202 | G6: =IF(F6="","",IF(F6>=60%,"POS","NEG")) -> NEG | H6: =IF(F6="","",IF(F6>=50%,"POS","NEG")) -> NEG | I6: =IF(H6="POS","P",IF(H6="NEG","N","")) -> N
A7: F1/F4/F7 ou F10 | B7: S06 | C7: =IF(Deepwell!G11="","",Deepwell!G11) -> 69 | D7: =IF(ELISA!B11="","",ELISA!B11) -> 2500140 | E7: =IF('450 nm - 600 nm'!B19="","",(('450 nm - 600 nm'!B19+'450 nm - 600 nm'!E19)/2)-(('450 nm - 600 nm'!H19+'450 nm - 600 nm'!K19)/2)) -> 0.202 | F7: =IF(E7="","",(E7-Controls!$D$4)/(Controls!$D$2-Controls!$D$4)) -> 0.28142077 | G7: =IF(F7="","",IF(F7>=60%,"POS","NEG")) -> NEG | H7: =IF(F7="","",IF(F7>=50%,"POS","NEG")) -> NEG | I7: =IF(H7="POS","P",IF(H7="NEG","N","")) -> N
A8: G1/G4/G7 ou G10 | B8: S07 | C8: =IF(Deepwell!G12="","",Deepwell!G12) -> 70 | D8: =IF(ELISA!B12="","",ELISA!B12) -> 2402481 | E8: =IF('450 nm - 600 nm'!B20="","",(('450 nm - 600 nm'!B20+'450 nm - 600 nm'!E20)/2)-(('450 nm - 600 nm'!H20+'450 nm - 600 nm'!K20)/2)) -> 0.179 | F8: =IF(E8="","",(E8-Controls!$D$4)/(Controls!$D$2-Controls!$D$4)) -> 0.25 | G8: =IF(F8="","",IF(F8>=60%,"POS","NEG")) -> NEG | H8: =IF(F8="","",IF(F8>=50%,"POS","NEG")) -> NEG | I8: =IF(H8="POS","P",IF(H8="NEG","N","")) -> N
A9: H1/H4/H7 ou H10 | B9: S08 | C9: =IF(Deepwell!G13="","",Deepwell!G13) -> 71 | D9: =IF(ELISA!B13="","",ELISA!B13) -> 2402867 | E9: =IF('450 nm - 600 nm'!B21="","",(('450 nm - 600 nm'!B21+'450 nm - 600 nm'!E21)/2)-(('450 nm - 600 nm'!H21+'450 nm - 600 nm'!K21)/2)) -> 0.502 | F9: =IF(E9="","",(E9-Controls!$D$4)/(Controls!$D$2-Controls!$D$4)) -> 0.69125683 | G9: =IF(F9="","",IF(F9>=60%,"POS","NEG")) -> POS | H9: =IF(F9="","",IF(F9>=50%,"POS","NEG")) -> POS | I9: =IF(H9="POS","P",IF(H9="NEG","N","")) -> P
A10: A2/A5/A8 ou A11 | B10: S09 | C10: =IF(Deepwell!H6="","",Deepwell!H6) -> 72 | D10: =IF(ELISA!B14="","",ELISA!B14) -> 2402789 | E10: =IF('450 nm - 600 nm'!C14="","",(('450 nm - 600 nm'!C14+'450 nm - 600 nm'!F14)/2)-(('450 nm - 600 nm'!I14+'450 nm - 600 nm'!L14)/2)) -> 0.107 | F10: =IF(E10="","",(E10-Controls!$D$4)/(Controls!$D$2-Controls!$D$4)) -> 0.15163934 | G10: =IF(F10="","",IF(F10>=60%,"POS","NEG")) -> NEG | H10: =IF(F10="","",IF(F10>=50%,"POS","NEG")) -> NEG | I10: =IF(H10="POS","P",IF(H10="NEG","N","")) -> N
A11: B2/B5/B8 ou B11 | B11: S10 | C11: =IF(Deepwell!H7="","",Deepwell!H7) -> 73 | D11: =IF(ELISA!B15="","",ELISA!B15) -> 2500168 | E11: =IF('450 nm - 600 nm'!C15="","",(('450 nm - 600 nm'!C15+'450 nm - 600 nm'!F15)/2)-(('450 nm - 600 nm'!I15+'450 nm - 600 nm'!L15)/2)) -> 0.008 | F11: =IF(E11="","",(E11-Controls!$D$4)/(Controls!$D$2-Controls!$D$4)) -> 0.016393443 | G11: =IF(F11="","",IF(F11>=60%,"POS","NEG")) -> NEG | H11: =IF(F11="","",IF(F11>=50%,"POS","NEG")) -> NEG | I11: =IF(H11="POS","P",IF(H11="NEG","N","")) -> N
A12: C2/C5/C8 ou C11 | B12: S11 | C12: =IF(Deepwell!H8="","",Deepwell!H8) -> 74 | D12: =IF(ELISA!B16="","",ELISA!B16) -> 2500159 | E12: =IF('450 nm - 600 nm'!C16="","",(('450 nm - 600 nm'!C16+'450 nm - 600 nm'!F16)/2)-(('450 nm - 600 nm'!I16+'450 nm - 600 nm'!L16)/2)) -> 0.557 | F12: =IF(E12="","",(E12-Controls!$D$4)/(Controls!$D$2-Controls!$D$4)) -> 0.76639344 | G12: =IF(F12="","",IF(F12>=60%,"POS","NEG")) -> POS | H12: =IF(F12="","",IF(F12>=50%,"POS","NEG")) -> POS | I12: =IF(H12="POS","P",IF(H12="NEG","N","")) -> P
A13: D2/D5/D8 ou D11 | B13: S12 | C13: =IF(Deepwell!H9="","",Deepwell!H9) -> 75 | D13: =IF(ELISA!B17="","",ELISA!B17) -> 2400837 | E13: =IF('450 nm - 600 nm'!C17="","",(('450 nm - 600 nm'!C17+'450 nm - 600 nm'!F17)/2)-(('450 nm - 600 nm'!I17+'450 nm - 600 nm'!L17)/2)) -> 0.092 | F13: =IF(E13="","",(E13-Controls!$D$4)/(Controls!$D$2-Controls!$D$4)) -> 0.13114754 | G13: =IF(F13="","",IF(F13>=60%,"POS","NEG")) -> NEG | H13: =IF(F13="","",IF(F13>=50%,"POS","NEG")) -> NEG | I13: =IF(H13="POS","P",IF(H13="NEG","N","")) -> N
A14: E2/E5/E8 ou E11 | B14: S13 | C14: =IF(Deepwell!H10="","",Deepwell!H10) -> 76 | D14: =IF(ELISA!B18="","",ELISA!B18) -> 2500135 | E14: =IF('450 nm - 600 nm'!C18="","",(('450 nm - 600 nm'!C18+'450 nm - 600 nm'!F18)/2)-(('450 nm - 600 nm'!I18+'450 nm - 600 nm'!L18)/2)) -> 0.032 | F14: =IF(E14="","",(E14-Controls!$D$4)/(Controls!$D$2-Controls!$D$4)) -> 0.049180328 | G14: =IF(F14="","",IF(F14>=60%,"POS","NEG")) -> NEG | H14: =IF(F14="","",IF(F14>=50%,"POS","NEG")) -> NEG | I14: =IF(H14="POS","P",IF(H14="NEG","N","")) -> N
A15: F2/F5/F8 ou F11 | B15: S14 | C15: =IF(Deepwell!H11="","",Deepwell!H11) -> 77 | D15: =IF(ELISA!B19="","",ELISA!B19) -> 2500137 | E15: =IF('450 nm - 600 nm'!C19="","",(('450 nm - 600 nm'!C19+'450 nm - 600 nm'!F19)/2)-(('450 nm - 600 nm'!I19+'450 nm - 600 nm'!L19)/2)) -> 0.153 | F15: =IF(E15="","",(E15-Controls!$D$4)/(Controls!$D$2-Controls!$D$4)) -> 0.21448087 | G15: =IF(F15="","",IF(F15>=60%,"POS","NEG")) -> NEG | H15: =IF(F15="","",IF(F15>=50%,"POS","NEG")) -> NEG | I15: =IF(H15="POS","P",IF(H15="NEG","N","")) -> N
A16: G2/G5/G8 ou G11 | B16: S15 | C16: =IF(Deepwell!H12="","",Deepwell!H12) -> 78 | D16: =IF(ELISA!B20="","",ELISA!B20) -> 2400886 | E16: =IF('450 nm - 600 nm'!C20="","",(('450 nm - 600 nm'!C20+'450 nm - 600 nm'!F20)/2)-(('450 nm - 600 nm'!I20+'450 nm - 600 nm'!L20)/2)) -> 0.006 | F16: =IF(E16="","",(E16-Controls!$D$4)/(Controls!$D$2-Controls!$D$4)) -> 0.013661202 | G16: =IF(F16="","",IF(F16>=60%,"POS","NEG")) -> NEG | H16: =IF(F16="","",IF(F16>=50%,"POS","NEG")) -> NEG | I16: =IF(H16="POS","P",IF(H16="NEG","N","")) -> N
A17: H2/H5/H8 ou H11 | B17: S16 | C17: =IF(Deepwell!H13="","",Deepwell!H13) -> 79 | D17: =IF(ELISA!B21="","",ELISA!B21) -> 2400891 | E17: =IF('450 nm - 600 nm'!C21="","",(('450 nm - 600 nm'!C21+'450 nm - 600 nm'!F21)/2)-(('450 nm - 600 nm'!I21+'450 nm - 600 nm'!L21)/2)) -> 0.0355 | F17: =IF(E17="","",(E17-Controls!$D$4)/(Controls!$D$2-Controls!$D$4)) -> 0.053961749 | G17: =IF(F17="","",IF(F17>=60%,"POS","NEG")) -> NEG | H17: =IF(F17="","",IF(F17>=50%,"POS","NEG")) -> NEG | I17: =IF(H17="POS","P",IF(H17="NEG","N","")) -> N
A18: A3/A6/A9 ou A12 | B18: S17 | C18: =IF(Deepwell!I6="","",Deepwell!I6) -> 80 | D18: =IF(ELISA!B22="","",ELISA!B22) -> 2402483 | E18: =IF('450 nm - 600 nm'!D14="","",(('450 nm - 600 nm'!D14+'450 nm - 600 nm'!G14)/2)-(('450 nm - 600 nm'!J14+'450 nm - 600 nm'!M14)/2)) -> 0.0375 | F18: =IF(E18="","",(E18-Controls!$D$4)/(Controls!$D$2-Controls!$D$4)) -> 0.056693989 | G18: =IF(F18="","",IF(F18>=60%,"POS","NEG")) -> NEG | H18: =IF(F18="","",IF(F18>=50%,"POS","NEG")) -> NEG | I18: =IF(H18="POS","P",IF(H18="NEG","N","")) -> N
A19: B3/B6/B9 ou B12 | B19: S18 | C19: =IF(Deepwell!I7="","",Deepwell!I7) -> 81 | D19: =IF(ELISA!B23="","",ELISA!B23) -> 2500143 | E19: =IF('450 nm - 600 nm'!D15="","",(('450 nm - 600 nm'!D15+'450 nm - 600 nm'!G15)/2)-(('450 nm - 600 nm'!J15+'450 nm - 600 nm'!M15)/2)) -> 0.078 | F19: =IF(E19="","",(E19-Controls!$D$4)/(Controls!$D$2-Controls!$D$4)) -> 0.11202186 | G19: =IF(F19="","",IF(F19>=60%,"POS","NEG")) -> NEG | H19: =IF(F19="","",IF(F19>=50%,"POS","NEG")) -> NEG | I19: =IF(H19="POS","P",IF(H19="NEG","N","")) -> N
A20: C3/C6/C9 ou C12 | B20: S19 | C20: =IF(Deepwell!I8="","",Deepwell!I8) -> 82 | D20: =IF(ELISA!B24="","",ELISA!B24) -> 2500147 | E20: =IF('450 nm - 600 nm'!D16="","",(('450 nm - 600 nm'!D16+'450 nm - 600 nm'!G16)/2)-(('450 nm - 600 nm'!J16+'450 nm - 600 nm'!M16)/2)) -> 0.4515 | F20: =IF(E20="","",(E20-Controls!$D$4)/(Controls!$D$2-Controls!$D$4)) -> 0.62226776 | G20: =IF(F20="","",IF(F20>=60%,"POS","NEG")) -> POS | H20: =IF(F20="","",IF(F20>=50%,"POS","NEG")) -> POS | I20: =IF(H20="POS","P",IF(H20="NEG","N","")) -> P
A21: D3/D6/D9 ou D12 | B21: S20 | C21: =IF(Deepwell!I9="","",Deepwell!I9) -> 83 | D21: =IF(ELISA!B25="","",ELISA!B25) -> 2500114 | E21: =IF('450 nm - 600 nm'!D17="","",(('450 nm - 600 nm'!D17+'450 nm - 600 nm'!G17)/2)-(('450 nm - 600 nm'!J17+'450 nm - 600 nm'!M17)/2)) -> 0.6075 | F21: =IF(E21="","",(E21-Controls!$D$4)/(Controls!$D$2-Controls!$D$4)) -> 0.83538251 | G21: =IF(F21="","",IF(F21>=60%,"POS","NEG")) -> POS | H21: =IF(F21="","",IF(F21>=50%,"POS","NEG")) -> POS | I21: =IF(H21="POS","P",IF(H21="NEG","N","")) -> P
A22: E3/E6/E9 ou E12 | B22: S21 | C22: =IF(Deepwell!I10="","",Deepwell!I10) -> 84 | D22: =IF(ELISA!B26="","",ELISA!B26) -> 2400706 | E22: =IF('450 nm - 600 nm'!D18="","",(('450 nm - 600 nm'!D18+'450 nm - 600 nm'!G18)/2)-(('450 nm - 600 nm'!J18+'450 nm - 600 nm'!M18)/2)) -> 0.156 | F22: =IF(E22="","",(E22-Controls!$D$4)/(Controls!$D$2-Controls!$D$4)) -> 0.21857923 | G22: =IF(F22="","",IF(F22>=60%,"POS","NEG")) -> NEG | H22: =IF(F22="","",IF(F22>=50%,"POS","NEG")) -> NEG | I22: =IF(H22="POS","P",IF(H22="NEG","N","")) -> N

Sheet Controls
A1: Deepwell | B1: Sample | C1: Sample Code | D1: D OD | E1: PP % | F1: Result | G1: Comments
A2: G3/G6/G9 ou G12 | B2: PC | C2: =IF(ELISA!B28="","",ELISA!B28) -> CP | D2: =IF('450 nm - 600 nm'!D20="","",(('450 nm - 600 nm'!D20+'450 nm - 600 nm'!G20)/2)-(('450 nm - 600 nm'!J20+'450 nm - 600 nm'!M20)/2)) -> 0.728 | E2: =IF(D2="","",(D2-$D$4)/($D$2-$D$4)) -> 1 | F2: =IF(E2="","",IF(E2>=50%,"POS","NEG")) -> POS | G2: =IF(ELISA!C28="","",ELISA!C28)
A3: F3/F6/F9 ou F12 | B3: CC | C3: =IF(ELISA!B27="","",ELISA!B27) -> CC | D3: =IF('450 nm - 600 nm'!D19="","",(('450 nm - 600 nm'!D19+'450 nm - 600 nm'!G19)/2)-(('450 nm - 600 nm'!J19+'450 nm - 600 nm'!M19)/2)) -> 0.004 | E3: =IF(D3="","",(D3-$D$4)/($D$2-$D$4)) -> 0.010928962 | F3: =IF(E3="","",IF(E3>=50%,"POS","NEG")) -> NEG | G3: =IF(ELISA!C27="","",ELISA!C27)
A4: H3/H6/H9 ou H12 | B4: NC | C4: =IF(ELISA!B29="","",ELISA!B29) -> CN | D4: =IF('450 nm - 600 nm'!D21="","",(('450 nm - 600 nm'!D21+'450 nm - 600 nm'!G21)/2)-(('450 nm - 600 nm'!J21+'450 nm - 600 nm'!M21)/2)) -> -0.004 | E4: =IF(D4="","",(D4-$D$4)/($D$2-$D$4)) -> 0 | F4: =IF(E4="","",IF(E4>=50%,"POS","NEG")) -> NEG | G4: =IF(ELISA!C29="","",ELISA!C29)

Sheet Repeatability
B2: Allowed deviation (in %): | C2: 30
B4: Sample | C4: Sample Code | D4: Repeatibility 450nm
D5: Ag+
B6: S01 | C6: =IF(ELISA!B6="","",ELISA!B6) -> 2402795 | D6: =IF('450 nm - 600 nm'!B14="","",IF(ABS(1-('450 nm - 600 nm'!B14/'450 nm - 600 nm'!E14))<($C$2/100),"OK","NOK")) -> NOK
B7: S02 | C7: =IF(ELISA!B7="","",ELISA!B7) -> 2402770 | D7: =IF('450 nm - 600 nm'!B15="","",IF(ABS(1-('450 nm - 600 nm'!B15/'450 nm - 600 nm'!E15))<($C$2/100),"OK","NOK")) -> OK
B8: S03 | C8: =IF(ELISA!B8="","",ELISA!B8) -> 2402404 | D8: =IF('450 nm - 600 nm'!B16="","",IF(ABS(1-('450 nm - 600 nm'!B16/'450 nm - 600 nm'!E16))<($C$2/100),"OK","NOK")) -> OK
B9: S04 | C9: =IF(ELISA!B9="","",ELISA!B9) -> 2500144 | D9: =IF('450 nm - 600 nm'!B17="","",IF(ABS(1-('450 nm - 600 nm'!B17/'450 nm - 600 nm'!E17))<($C$2/100),"OK","NOK")) -> OK
B10: S05 | C10: =IF(ELISA!B10="","",ELISA!B10) -> 2500035 | D10: =IF('450 nm - 600 nm'!B18="","",IF(ABS(1-('450 nm - 600 nm'!B18/'450 nm - 600 nm'!E18))<($C$2/100),"OK","NOK")) -> OK
B11: S06 | C11: =IF(ELISA!B11="","",ELISA!B11) -> 2500140 | D11: =IF('450 nm - 600 nm'!B19="","",IF(ABS(1-('450 nm - 600 nm'!B19/'450 nm - 600 nm'!E19))<($C$2/100),"OK","NOK")) -> OK
B12: S07 | C12: =IF(ELISA!B12="","",ELISA!B12) -> 2402481 | D12: =IF('450 nm - 600 nm'!B20="","",IF(ABS(1-('450 nm - 600 nm'!B20/'450 nm - 600 nm'!E20))<($C$2/100),"OK","NOK")) -> NOK
B13: S08 | C13: =IF(ELISA!B13="","",ELISA!B13) -> 2402867 | D13: =IF('450 nm - 600 nm'!B21="","",IF(ABS(1-('450 nm - 600 nm'!B21/'450 nm - 600 nm'!E21))<($C$2/100),"OK","NOK")) -> OK
B14: S09 | C14: =IF(ELISA!B14="","",ELISA!B14) -> 2402789 | D14: =IF('450 nm - 600 nm'!C14="","",IF(ABS(1-('450 nm - 600 nm'!C14/'450 nm - 600 nm'!F14))<($C$2/100),"OK","NOK")) -> OK
B15: S10 | C15: =IF(ELISA!B15="","",ELISA!B15) -> 2500168 | D15: =IF('450 nm - 600 nm'!C15="","",IF(ABS(1-('450 nm - 600 nm'!C15/'450 nm - 600 nm'!F15))<($C$2/100),"OK","NOK")) -> OK
B16: S11 | C16: =IF(ELISA!B16="","",ELISA!B16) -> 2500159 | D16: =IF('450 nm - 600 nm'!C16="","",IF(ABS(1-('450 nm - 600 nm'!C16/'450 nm - 600 nm'!F16))<($C$2/100),"OK","NOK")) -> OK
B17: S12 | C17: =IF(ELISA!B17="","",ELISA!B17) -> 2400837 | D17: =IF('450 nm - 600 nm'!C17="","",IF(ABS(1-('450 nm - 600 nm'!C17/'450 nm - 600 nm'!F17))<($C$2/100),"OK","NOK")) -> OK
B18: S13 | C18: =IF(ELISA!B18="","",ELISA!B18) -> 2500135 | D18: =IF('450 nm - 600 nm'!C18="","",IF(ABS(1-('450 nm - 600 nm'!C18/'450 nm - 600 nm'!F18))<($C$2/100),"OK","NOK")) -> OK
B19: S14 | C19: =IF(ELISA!B19="","",ELISA!B19) -> 2500137 | D19: =IF('450 nm - 600 nm'!C19="","",IF(ABS(1-('450 nm - 600 nm'!C19/'450 nm - 600 nm'!F19))<($C$2/100),"OK","NOK")) -> OK
B20: S15 | C20: =IF(ELISA!B20="","",ELISA!B20) -> 2400886 | D20: =IF('450 nm - 600 nm'!C20="","",IF(ABS(1-('450 nm - 600 nm'!C20/'450 nm - 600 nm'!F20))<($C$2/100),"OK","NOK")) -> OK
B21: S16 | C21: =IF(ELISA!B21="","",ELISA!B21) -> 2400891 | D21: =IF('450 nm - 600 nm'!C21="","",IF(ABS(1-('450 nm - 600 nm'!C21/'450 nm - 600 nm'!F21))<($C$2/100),"OK","NOK")) -> OK
B22: S17 | C22: =IF(ELISA!B22="","",ELISA!B22) -> 2402483 | D22: =IF('450 nm - 600 nm'!D14="","",IF(ABS(1-('450 nm - 600 nm'!D14/'450 nm - 600 nm'!G14))<($C$2/100),"OK","NOK")) -> OK
B23: S18 | C23: =IF(ELISA!B23="","",ELISA!B23) -> 2500143 | D23: =IF('450 nm - 600 nm'!D15="","",IF(ABS(1-('450 nm - 600 nm'!D15/'450 nm - 600 nm'!G15))<($C$2/100),"OK","NOK")) -> OK
B24: S19 | C24: =IF(ELISA!B24="","",ELISA!B24) -> 2500147 | D24: =IF('450 nm - 600 nm'!D16="","",IF(ABS(1-('450 nm - 600 nm'!D16/'450 nm - 600 nm'!G16))<($C$2/100),"OK","NOK")) -> OK
B25: S20 | C25: =IF(ELISA!B25="","",ELISA!B25) -> 2500114 | D25: =IF('450 nm - 600 nm'!D17="","",IF(ABS(1-('450 nm - 600 nm'!D17/'450 nm - 600 nm'!G17))<($C$2/100),"OK","NOK")) -> OK
B26: S21 | C26: =IF(ELISA!B26="","",ELISA!B26) -> 2400706 | D26: =IF('450 nm - 600 nm'!D18="","",IF(ABS(1-('450 nm - 600 nm'!D18/'450 nm - 600 nm'!G18))<($C$2/100),"OK","NOK")) -> OK
B27: CP | C27: =IF(ELISA!B28="","",ELISA!B28) -> CP | D27: =IF('450 nm - 600 nm'!D20="","",IF(ABS(1-('450 nm - 600 nm'!D20/'450 nm - 600 nm'!G20))<($C$2/100),"OK","NOK")) -> OK
